Workbook

Sheet Controle de CLD
F2: VALOR GLOBAL | G2: VALOR EXECUTADO
B3: Última Atualização | C3: 45852 | E3: SUBTOTAIS | F3: =SUBTOTAL(9,F6:F25) -> 43855091 | G3: =SUBTOTAL(9,G6:G25) -> 12959188
C4: ,
A5: CONTRATO | B5: EMPRESA | C5: INÍCIO | D5: FIM | E5: MOEDA | F5: VALOR GLOBAL | G5: VALOR SEGREGADO | H5: SALDO | I5: PERCENTUAL TEÓRICO | J5: PERCENTUAL SEGREGADO | K5: OBJETO | L5: SITUAÇÃO | M5: RENOVÁVEL | N5: PRICE LIST - VIGÊNCIA | O5: Vel. Média CONSUMO (% / MÊS )
A6: 71000/2021-006/00 | B6: AIRBUS | C6: 44411 | D6: 45872 | E6: EUR | F6: 3000000 | G6: 76485 | H6: =IF(G6="","",F6-G6) -> 2923515 | I6: =IF(C6="","",(TODAY()-C6)/(D6-C6)) -> 1.0506502 | J6: =IF(H6="","",G6/F6) -> 0.025495 | K6: Aquisição de sobressalentes para helicópteros (Super Puma, Cougar, Esquilo Mono e Biturbina) | L6: EM VIGOR (8.666) | M6: NÃO | N6: 45948 | O6: =RESUMO!O4/RESUMO!Q4 -> 0.00049827362
A7: 71000/2022-002/00 | B7: WARTISILA | C7: 44691 | D7: 46152 | E7: EUR | F7: 7466734 | G7: 1119764.9 | H7: =IF(G7="","",F7-G7) -> 6346969.1 | I7: =IF(C7="","",(TODAY()-C7)/(D7-C7)) -> 0.85900068 | J7: =IF(H7="","",G7/F7) -> 0.14996717 | K7: Aquisição de sobressalentes (Navios Gastão Mota, Bahia, Amazonas, e outros meios). | L7: EM VIGOR (8.666) | M7: NÃO | N7: 45791 | O7: =RESUMO!O5/RESUMO!Q5 -> 0.0035848725
A8: 71000/2022-006/00 | B8: MTU-F (RSS) | C8: 44873 | D8: 46334 | E8: EUR | F8: 7550644.6 | G8: 3756407.1 | H8: =IF(G8="","",F8-G8) -> 3794237.4 | I8: =IF(C8="","",(TODAY()-C8)/(D8-C8)) -> 0.73442847 | J8: =IF(H8="","",G8/F8) -> 0.4974949 | K8: Aquisição de sobressalentes (Motores Rolls-Royce) | L8: EM VIGOR (8.666) | M8: NÃO | N8: 46023 | O8: =RESUMO!O6/RESUMO!Q6 -> 0.013909457
A9: 71000/2024-007/00 | B9: MAN ENERGY | C9: 45492 | D9: 47318 | E9: EUR | F9: 8276521.1 | G9: 3477869 | H9: =IF(G9="","",F9-G9) -> 4798652.1 | I9: =IF(C9="","",(TODAY()-C9)/(D9-C9)) -> 0.24863089 | J9: =IF(H9="","",G9/F9) -> 0.42020904 | K9: Aquisição de sobressalentes (Man Energy) | L9: EM VIGOR | M9: SIM | N9: 45901 | O9: =RESUMO!O7/RESUMO!Q7 -> 0.027767117
A10: 71000/2024-014/00 | B10: LEONARDO UK LTD | C10: 45624 | D10: 47450 | E10: GBP | F10: 12144465 | G10: 4503067.5 | H10: =IF(G10="","",F10-G10) -> 7641397.8 | I10: =IF(C10="","",(TODAY()-C10)/(D10-C10)) -> 0.17634173 | J10: =IF(H10="","",G10/F10) -> 0.37079175 | K10: Aquisição de sobressalentes para helicópteros (Super Lynx) | L10: EM VIGOR | M10: SIM | N10: 46113 | O10: =RESUMO!O8/RESUMO!Q8 -> 0.034545815
A11: 71000/2024-015/00 | B11: QUANTIPARTS | C11: 45685 | D11: 47511 | E11: EUR | F11: 5416725.6 | G11: 25594.1 | H11: =IF(G11="","",F11-G11) -> 5391131.5 | I11: =IF(C11="","",(TODAY()-C11)/(D11-C11)) -> 0.14293538 | J11: =IF(H11="","",G11/F11) -> 0.0047250132 | K11: Aquisição de sobressalentes (Motores Sulzer) | L11: EM VIGOR | M11: SIM | N11: 46023 | O11: =RESUMO!O9/RESUMO!Q9 -> 0.00054310497
A12: 71000/2025-XXX/00 | B12: NAVAL GROUP | C12: - | D12: - | H12: =IF(G12="","",F12-G12) | J12: =IF(H12="","",G12/F12) | K12: Aquisição de sobressalentes (Submarinos Classe Riachuelo) | L12: MINUTA | M12: SIM
A13: 71000/2025-XXX/00 | B13: KONGSBERG | H13: =IF(G13="","",F13-G13) | I13: =IF(C13="","",(TODAY()-C13)/(D13-C13)) | J13: =IF(H13="","",G13/F13) | K13: Aquisição de sobressalentes (Navios Hidrográficos) | L13: MINUTA | M13: SIM
H14: =IF(G14="","",F14-G14) | I14: =IF(C14="","",(TODAY()-C14)/(D14-C14)) | J14: =IF(H14="","",G14/F14)
H15: =IF(G15="","",F15-G15) | I15: =IF(C15="","",(TODAY()-C15)/(D15-C15)) | J15: =IF(H15="","",G15/F15)
H16: =IF(G16="","",F16-G16) | I16: =IF(C16="","",(TODAY()-C16)/(D16-C16)) | J16: =IF(H16="","",G16/F16)
H17: =IF(G17="","",F17-G17) | I17: =IF(C17="","",(TODAY()-C17)/(D17-C17)) | J17: =IF(H17="","",G17/F17)
H18: =IF(G18="","",F18-G18) | I18: =IF(C18="","",(TODAY()-C18)/(D18-C18)) | J18: =IF(H18="","",G18/F18)
H19: =IF(G19="","",F19-G19) | I19: =IF(C19="","",(TODAY()-C19)/(D19-C19)) | J19: =IF(H19="","",G19/F19)
H20: =IF(G20="","",F20-G20) | I20: =IF(C20="","",(TODAY()-C20)/(D20-C20)) | J20: =IF(H20="","",G20/F20)
H21: =IF(G21="","",F21-G21) | I21: =IF(C21="","",(TODAY()-C21)/(D21-C21)) | J21: =IF(H21="","",G21/F21)
H22: =IF(G22="","",F22-G22) | I22: =IF(C22="","",(TODAY()-C22)/(D22-C22)) | J22: =IF(H22="","",G22/F22)
H23: =IF(G23="","",F23-G23) | I23: =IF(C23="","",(TODAY()-C23)/(D23-C23)) | J23: =IF(H23="","",G23/F23)
H24: =IF(G24="","",F24-G24) | I24: =IF(C24="","",(TODAY()-C24)/(D24-C24)) | J24: =IF(H24="","",G24/F24)
H25: =IF(G25="","",F25-G25) | I25: =IF(C25="","",(TODAY()-C25)/(D25-C25)) | J25: =IF(H25="","",G25/F25)

Sheet Parâmetros de extração - SOMAR

Sheet RESUMO
I2: VIGÊNCIA
B3: 45852 | C3: ='Controle de CLD'!I5 -> PERCENTUAL TEÓRICO | D3: ='Controle de CLD'!J5 -> PERCENTUAL SEGREGADO | E3: ='Controle de CLD'!E5 -> MOEDA | F3: ='Controle de CLD'!F5 -> VALOR GLOBAL | G3: ='Controle de CLD'!G5 -> VALOR SEGREGADO | H3: ='Controle de CLD'!H5 -> SALDO | I3: ='Controle de CLD'!C5 -> INÍCIO | J3: ='Controle de CLD'!D5 -> FIM | N3: PERCENTUAL TEÓRICO | O3: PERCENTUAL SEGREGADO | P3: ÍNDICE EXECUÇÃO | Q3: TEMPO EM VIGÊNCIA (meses) | R3: Vel. Média CONSUMO (% / MÊS ) | S3: SALDO ESGOTA EM QUANTOS MESES | T3: QTD MESES PARA TÉRMINO DA VIGÊNCIA | U3: ESTIMATIVA TÉRMINO SALDO | V3: DATA INÍCIO PROCEDIMENTOS RENOVAÇÃO
B4: ='Controle de CLD'!B6 -> AIRBUS | C4: =IF('Controle de CLD'!I6="","",'Controle de CLD'!I6) -> 1.0506502 | D4: =IF('Controle de CLD'!J6="","",'Controle de CLD'!J6) -> 0.025495 | E4: =IF('Controle de CLD'!E6="","",'Controle de CLD'!E6) -> EUR | F4: =IF('Controle de CLD'!F6="","",'Controle de CLD'!F6) -> 3000000 | G4: =IF('Controle de CLD'!G6="","",'Controle de CLD'!G6) -> 76485 | H4: =IF('Controle de CLD'!H6="","",'Controle de CLD'!H6) -> 2923515 | I4: =IF('Controle de CLD'!C6="","",'Controle de CLD'!C6) -> 44411 | J4: =IF('Controle de CLD'!D6="","",'Controle de CLD'!D6) -> 45872 | M4: =B4 -> AIRBUS | N4: =C4 -> 1.0506502 | O4: =D4 -> 0.025495 | P4: =O4/N4 -> 0.024265925 | Q4: =(TODAY() -I4)/30 -> 51.166667 | R4: =O4/Q4 -> 0.00049827362 | S4: =IF((1-O4)/R4>T4,"Após vigência",(1-O4)/R4) -> Após vigência | T4: =(J4-TODAY())/30 -> -2.4666667 | U4: =IFERROR(TODAY()+S4*30,"") | V4: =IF(U4<>"",U4-6*30,J4-6*30) -> 45692
B5: ='Controle de CLD'!B7 -> WARTISILA | C5: =IF('Controle de CLD'!I7="","",'Controle de CLD'!I7) -> 0.85900068 | D5: =IF('Controle de CLD'!J7="","",'Controle de CLD'!J7) -> 0.14996717 | E5: =IF('Controle de CLD'!E7="","",'Controle de CLD'!E7) -> EUR | F5: =IF('Controle de CLD'!F7="","",'Controle de CLD'!F7) -> 7466734 | G5: =IF('Controle de CLD'!G7="","",'Controle de CLD'!G7) -> 1119764.9 | H5: =IF('Controle de CLD'!H7="","",'Controle de CLD'!H7) -> 6346969.1 | I5: =IF('Controle de CLD'!C7="","",'Controle de CLD'!C7) -> 44691 | J5: =IF('Controle de CLD'!D7="","",'Controle de CLD'!D7) -> 46152 | M5: =B5 -> WARTISILA | N5: =C5 -> 0.85900068 | O5: =D5 -> 0.14996717 | P5: =O5/N5 -> 0.17458329 | Q5: =(TODAY() -I5)/30 -> 41.833333 | R5: =O5/Q5 -> 0.0035848725 | S5: =IF((1-O5)/R5>T5,"Após vigência",(1-O5)/R5) -> Após vigência | T5: =(J5-TODAY())/30 -> 6.8666667 | U5: =IFERROR(TODAY()+S5*30,"") | V5: =IF(U5<>"",U5-6*30,J5-6*30) -> 45972
B6: ='Controle de CLD'!B8 -> MTU-F (RSS) | C6: =IF('Controle de CLD'!I8="","",'Controle de CLD'!I8) -> 0.73442847 | D6: =IF('Controle de CLD'!J8="","",'Controle de CLD'!J8) -> 0.4974949 | E6: =IF('Controle de CLD'!E8="","",'Controle de CLD'!E8) -> EUR | F6: =IF('Controle de CLD'!F8="","",'Controle de CLD'!F8) -> 7550644.6 | G6: =IF('Controle de CLD'!G8="","",'Controle de CLD'!G8) -> 3756407.1 | H6: =IF('Controle de CLD'!H8="","",'Controle de CLD'!H8) -> 3794237.4 | I6: =IF('Controle de CLD'!C8="","",'Controle de CLD'!C8) -> 44873 | J6: =IF('Controle de CLD'!D8="","",'Controle de CLD'!D8) -> 46334 | M6: =B6 -> MTU-F (RSS) | N6: =C6 -> 0.73442847 | O6: =D6 -> 0.4974949 | P6: =O6/N6 -> 0.67739053 | Q6: =(TODAY() -I6)/30 -> 35.766667 | R6: =O6/Q6 -> 0.013909457 | S6: =IF((1-O6)/R6>T6,"Após vigência",(1-O6)/R6) -> Após vigência | T6: =(J6-TODAY())/30 -> 12.933333 | U6: =IFERROR(TODAY()+S6*30,"") | V6: =IF(U6<>"",U6-6*30,J6-6*30) -> 46154
B7: ='Controle de CLD'!B9 -> MAN ENERGY | C7: =IF('Controle de CLD'!I9="","",'Controle de CLD'!I9) -> 0.24863089 | D7: =IF('Controle de CLD'!J9="","",'Controle de CLD'!J9) -> 0.42020904 | E7: =IF('Controle de CLD'!E9="","",'Controle de CLD'!E9) -> EUR | F7: =IF('Controle de CLD'!F9="","",'Controle de CLD'!F9) -> 8276521.1 | G7: =IF('Controle de CLD'!G9="","",'Controle de CLD'!G9) -> 3477869 | H7: =IF('Controle de CLD'!H9="","",'Controle de CLD'!H9) -> 4798652.1 | I7: =IF('Controle de CLD'!C9="","",'Controle de CLD'!C9) -> 45492 | J7: =IF('Controle de CLD'!D9="","",'Controle de CLD'!D9) -> 47318 | M7: =B7 -> MAN ENERGY | N7: =C7 -> 0.24863089 | O7: =D7 -> 0.42020904 | P7: =O7/N7 -> 1.6900919 | Q7: =(TODAY() -I7)/30 -> 15.133333 | R7: =O7/Q7 -> 0.027767117 | S7: =IF((1-O7)/R7>T7,"Após vigência",(1-O7)/R7) -> 20.880488 | T7: =(J7-TODAY())/30 -> 45.733333 | U7: =IFERROR(TODAY()+S7*30,"") -> 46572.415 | V7: =IF(U7<>"",U7-6*30,J7-6*30) -> 46392.415
B8: ='Controle de CLD'!B10 -> LEONARDO UK LTD | C8: =IF('Controle de CLD'!I10="","",'Controle de CLD'!I10) -> 0.17634173 | D8: =IF('Controle de CLD'!J10="","",'Controle de CLD'!J10) -> 0.37079175 | E8: =IF('Controle de CLD'!E10="","",'Controle de CLD'!E10) -> GBP | F8: =IF('Controle de CLD'!F10="","",'Controle de CLD'!F10) -> 12144465 | G8: =IF('Controle de CLD'!G10="","",'Controle de CLD'!G10) -> 4503067.5 | H8: =IF('Controle de CLD'!H10="","",'Controle de CLD'!H10) -> 7641397.8 | I8: =IF('Controle de CLD'!C10="","",'Controle de CLD'!C10) -> 45624 | J8: =IF('Controle de CLD'!D10="","",'Controle de CLD'!D10) -> 47450 | M8: =B8 -> LEONARDO UK LTD | N8: =C8 -> 0.17634173 | O8: =D8 -> 0.37079175 | P8: =O8/N8 -> 2.1026886 | Q8: =(TODAY() -I8)/30 -> 10.733333 | R8: =O8/Q8 -> 0.034545815 | S8: =IF((1-O8)/R8>T8,"Após vigência",(1-O8)/R8) -> 18.213733 | T8: =(J8-TODAY())/30 -> 50.133333 | U8: =IFERROR(TODAY()+S8*30,"") -> 46492.412 | V8: =IF(U8<>"",U8-6*30,J8-6*30) -> 46312.412
B9: ='Controle de CLD'!B11 -> QUANTIPARTS | C9: =IF('Controle de CLD'!I11="","",'Controle de CLD'!I11) -> 0.14293538 | D9: =IF('Controle de CLD'!J11="","",'Controle de CLD'!J11) -> 0.0047250132 | E9: =IF('Controle de CLD'!E11="","",'Controle de CLD'!E11) -> EUR | F9: =IF('Controle de CLD'!F11="","",'Controle de CLD'!F11) -> 5416725.6 | G9: =IF('Controle de CLD'!G11="","",'Controle de CLD'!G11) -> 25594.1 | H9: =IF('Controle de CLD'!H11="","",'Controle de CLD'!H11) -> 5391131.5 | I9: =IF('Controle de CLD'!C11="","",'Controle de CLD'!C11) -> 45685 | J9: =IF('Controle de CLD'!D11="","",'Controle de CLD'!D11) -> 47511 | M9: =B9 -> QUANTIPARTS | N9: =C9 -> 0.14293538 | O9: =D9 -> 0.0047250132 | P9: =O9/N9 -> 0.033056989 | Q9: =(TODAY() -I9)/30 -> 8.7 | R9: =O9/Q9 -> 0.00054310497 | S9: =IF((1-O9)/R9>T9,"Após vigência",(1-O9)/R9) -> Após vigência | T9: =(J9-TODAY())/30 -> 52.166667 | U9: =IFERROR(TODAY()+S9*30,"") | V9: =IF(U9<>"",U9-6*30,J9-6*30) -> 47331

Sheet VALIDAÇÃO
A2: RENOVÁVEL
A3: SIM
A4: NÃO
A7: SITUAÇÃO
A8: EM VIGOR (8.666)
A9: EM VIGOR
A10: EM ASSINATURA
A11: MINUTA
A14: MOEDA
A15: BRL
A16: EUR
A17: USD
A18: GBP
